{"cameraMode":{"drawMode":0,"name":"Shaded","section":"Shading Mode"},"sceneLighting":false,"audioPlay":false,"sceneViewState":{"showFog":true,"showMaterialUpdate":false,"showSkybox":false,"showFlares":true,"showImageEffects":true,"showParticleSystems":true,"showVisualEffectGraphs":true},"in2DMode":false,"pivot":{"x":2.3499915599823,"y":2.6359689235687258,"z":-0.6552934646606445},"rotation":{"x":-0.11126791685819626,"y":-0.1514897495508194,"z":0.017113033682107927,"w":-0.982082724571228},"size":9.563517570495606,"orthographic":false}