{"cameraMode":{"drawMode":0,"name":"Shaded","section":"Shading Mode"},"sceneLighting":false,"audioPlay":false,"sceneViewState":{"showFog":true,"showMaterialUpdate":false,"showSkybox":false,"showFlares":true,"showImageEffects":true,"showParticleSystems":true,"showVisualEffectGraphs":true},"in2DMode":false,"pivot":{"x":-0.09099844843149185,"y":-0.18242639303207398,"z":-0.741474986076355},"rotation":{"x":0.08537987619638443,"y":-0.019427809864282609,"z":0.0016650476027280093,"w":0.9961602687835693},"size":2.8578836917877199,"orthographic":false}