{"cameraMode":{"drawMode":0,"name":"Shaded","section":"Shading Mode"},"sceneLighting":true,"audioPlay":false,"sceneViewState":{"showFog":true,"showMaterialUpdate":false,"showSkybox":true,"showFlares":true,"showImageEffects":true,"showParticleSystems":true,"showVisualEffectGraphs":true},"in2DMode":false,"pivot":{"x":8.096479415893555,"y":0.6948574185371399,"z":8.712224960327149},"rotation":{"x":-0.034746211022138599,"y":-0.055490754544734958,"z":0.0020148842595517637,"w":-0.9979249835014343},"size":22.896984100341798,"orthographic":false}