{"cameraMode":{"drawMode":0,"name":"Shaded","section":"Shading Mode"},"sceneLighting":true,"audioPlay":false,"sceneViewState":{"showFog":true,"showMaterialUpdate":false,"showSkybox":true,"showFlares":true,"showImageEffects":true,"showParticleSystems":true,"showVisualEffectGraphs":true},"in2DMode":false,"pivot":{"x":-5.622377395629883,"y":1.1246501207351685,"z":8.538883209228516},"rotation":{"x":-0.03455464541912079,"y":-0.11904780566692352,"z":0.004144789185374975,"w":-0.9922826886177063},"size":22.179445266723634,"orthographic":false}