{"cameraMode":{"drawMode":0,"name":"Shaded","section":"Shading Mode"},"sceneLighting":true,"audioPlay":false,"sceneViewState":{"showFog":true,"showMaterialUpdate":false,"showSkybox":true,"showFlares":true,"showImageEffects":true,"showParticleSystems":true,"showVisualEffectGraphs":true},"in2DMode":false,"pivot":{"x":-4.11681604385376,"y":1.498358130455017,"z":-0.27366143465042117},"rotation":{"x":-0.06011312082409859,"y":-0.0733557790517807,"z":0.004437602590769529,"w":-0.9955512285232544},"size":17.53142738342285,"orthographic":false}