{"cameraMode":{"drawMode":0,"name":"Shaded","section":"Shading Mode"},"sceneLighting":true,"audioPlay":false,"sceneViewState":{"showFog":true,"showMaterialUpdate":false,"showSkybox":true,"showFlares":true,"showImageEffects":true,"showParticleSystems":true,"showVisualEffectGraphs":true},"in2DMode":false,"pivot":{"x":-3.336249351501465,"y":1.5898007154464722,"z":5.6268510818481449},"rotation":{"x":-0.048265062272548679,"y":-0.03450090438127518,"z":0.0016572927124798298,"w":-0.998299777507782},"size":15.456437110900879,"orthographic":false}