{"cameraMode":{"drawMode":0,"name":"Shaded","section":"Shading Mode"},"sceneLighting":true,"audioPlay":false,"sceneViewState":{"showFog":true,"showMaterialUpdate":false,"showSkybox":true,"showFlares":true,"showImageEffects":true,"showParticleSystems":true,"showVisualEffectGraphs":true},"in2DMode":false,"pivot":{"x":-1.5894182920455933,"y":-1.1928348541259766,"z":-5.121480941772461},"rotation":{"x":0.022182563319802285,"y":-0.024033568799495698,"z":-0.0005847488646395505,"w":-0.999519407749176},"size":6.6987457275390629,"orthographic":false}