{"cameraMode":{"drawMode":0,"name":"Shaded","section":"Shading Mode"},"sceneLighting":true,"audioPlay":false,"sceneViewState":{"showFog":true,"showMaterialUpdate":false,"showSkybox":true,"showFlares":true,"showImageEffects":true,"showParticleSystems":true,"showVisualEffectGraphs":true},"in2DMode":false,"pivot":{"x":1.1874815225601197,"y":-0.2535719871520996,"z":-3.2306947708129885},"rotation":{"x":-0.06774944812059403,"y":-0.018004873767495157,"z":0.0013240965781733394,"w":-0.9976142644882202},"size":10.403702735900879,"orthographic":false}