{"cameraMode":{"drawMode":0,"name":"Shaded","section":"Shading Mode"},"sceneLighting":true,"audioPlay":false,"sceneViewState":{"showFog":true,"showMaterialUpdate":false,"showSkybox":true,"showFlares":true,"showImageEffects":true,"showParticleSystems":true,"showVisualEffectGraphs":true},"in2DMode":false,"pivot":{"x":0.334048867225647,"y":2.7174153327941896,"z":-5.467082500457764},"rotation":{"x":-0.03328564390540123,"y":-0.03452204167842865,"z":0.0011419067159295083,"w":-0.9989121556282044},"size":15.456437110900879,"orthographic":false}