{"cameraMode":{"drawMode":0,"name":"Shaded","section":"Shading Mode"},"sceneLighting":true,"audioPlay":false,"sceneViewState":{"showFog":true,"showMaterialUpdate":false,"showSkybox":true,"showFlares":true,"showImageEffects":true,"showParticleSystems":true,"showVisualEffectGraphs":true},"in2DMode":false,"pivot":{"x":1.7958537340164185,"y":0.4960257112979889,"z":-0.32586005330085757},"rotation":{"x":-0.07917466014623642,"y":-0.22243303060531617,"z":0.018134938552975656,"w":-0.9716272354125977},"size":17.602645874023439,"orthographic":false}