{"cameraMode":{"drawMode":0,"name":"Shaded","section":"Shading Mode"},"sceneLighting":false,"audioPlay":false,"sceneViewState":{"showFog":true,"showMaterialUpdate":false,"showSkybox":false,"showFlares":true,"showImageEffects":true,"showParticleSystems":true,"showVisualEffectGraphs":true},"in2DMode":false,"pivot":{"x":-7.81565523147583,"y":-2.8918278217315676,"z":5.241732120513916},"rotation":{"x":-0.037763480097055438,"y":0.0452340729534626,"z":-0.0017127172322943807,"w":-0.9983022809028626},"size":7.327619552612305,"orthographic":false}