{"cameraMode":{"drawMode":0,"name":"Shaded","section":"Shading Mode"},"sceneLighting":false,"audioPlay":false,"sceneViewState":{"showFog":true,"showMaterialUpdate":false,"showSkybox":false,"showFlares":true,"showImageEffects":true,"showParticleSystems":true,"showVisualEffectGraphs":true},"in2DMode":false,"pivot":{"x":-8.237784385681153,"y":-3.089128255844116,"z":3.019235849380493},"rotation":{"x":-0.09611177444458008,"y":0.033118702471256259,"z":-0.003212522016838193,"w":-0.9948579668998718},"size":7.327619552612305,"orthographic":false}