{"cameraMode":{"drawMode":0,"name":"Shaded","section":"Shading Mode"},"sceneLighting":false,"audioPlay":false,"sceneViewState":{"showFog":true,"showMaterialUpdate":false,"showSkybox":false,"showFlares":true,"showImageEffects":true,"showParticleSystems":true,"showVisualEffectGraphs":true},"in2DMode":false,"pivot":{"x":-7.5375237464904789,"y":-2.6563496589660646,"z":1.7708778381347657},"rotation":{"x":-0.034800417721271518,"y":-0.014711047522723675,"z":0.0005116370157338679,"w":-0.9993270039558411},"size":7.327619552612305,"orthographic":false}