{"cameraMode":{"drawMode":0,"name":"Shaded","section":"Shading Mode"},"sceneLighting":false,"audioPlay":false,"sceneViewState":{"showFog":true,"showMaterialUpdate":false,"showSkybox":false,"showFlares":true,"showImageEffects":true,"showParticleSystems":true,"showVisualEffectGraphs":true},"in2DMode":false,"pivot":{"x":1.925615906715393,"y":-0.839774489402771,"z":-0.8185802698135376},"rotation":{"x":-0.027570728212594987,"y":-0.8191822171211243,"z":0.03965070843696594,"w":-0.5716241598129273},"size":5.352230548858643,"orthographic":false}